total_reward,average_q_value,discounted_return,path_efficiency,steps_taken
962.0138927670534,523.6511417511971,178.01193650224144,0.6210691547003774,31
