total_reward,average_q_value,discounted_return,path_efficiency,steps_taken
962.9759571040074,463.8614770212481,180.64725921933302,0.6162894572433157,31
