total_reward,average_q_value,discounted_return,path_efficiency,steps_taken
920.1883012938144,180.4114621071653,56.7031671759339,0.41348545085367305,44
