total_reward,average_q_value,discounted_return,path_efficiency,steps_taken,success_rate,average_steps_successful_episodes
1137.8666666666666,421.28327310496365,301.1254894950318,0.7108802802789069,29,0.846,32.52482269503546
