total_reward,average_q_value,discounted_return,path_efficiency,steps_taken,success_rate,average_steps_successful_episodes
1109.8666666666666,403.2158792429957,289.82745283679776,0.6817663739481814,29,0.746,40.002680965147455
