total_reward,average_q_value,discounted_return,path_efficiency,steps_taken,success_rate,average_steps_successful_episodes
1100.5666666666666,656.8558522100034,376.1110974639437,0.7956230371853396,23,0.762,28.750656167979002
