total_reward,average_q_value,discounted_return,path_efficiency,steps_taken,success_rate,average_steps_successful_episodes
1109.0666666666666,387.11496189662387,302.19682800368855,0.7071388487941551,28,0.85,31.512941176470587
