total_reward,average_q_value,discounted_return,path_efficiency,steps_taken
970.4678261465508,513.6616555786132,265.0165187456803,0.7773801321070787,25
