total_reward,average_q_value,discounted_return,path_efficiency,steps_taken
911.8432311588814,368.0900340398153,1.2277957683216982,0.8184097964212432,60
