total_reward,average_q_value,discounted_return,path_efficiency,steps_taken
974.6330405320693,305.99890956511865,252.94560757708396,0.7314561785488343,26
