total_reward,average_q_value,discounted_return,path_efficiency,steps_taken
671.6691954137677,56.750240734645296,-77.90443299998954,0.7073745514202289,63
