total_reward,average_q_value,discounted_return,path_efficiency,steps_taken
954.9678261465508,564.1869805908203,254.92838328582653,0.7905597012723096,25
