total_reward,average_q_value,discounted_return,path_efficiency,steps_taken
983.6477297625547,528.0994207763672,275.0453388152757,0.7541057498385901,25
