total_reward,average_q_value,discounted_return,path_efficiency,steps_taken
946.1795024750792,151.57603487475166,199.04092394593454,0.7071388487941551,29
