total_reward,average_q_value,discounted_return,path_efficiency,steps_taken
942.5266107722966,87.81869260966778,164.9655332167988,0.6831271280595617,32
