total_reward,average_q_value,discounted_return,path_efficiency,steps_taken
981.8226735351814,532.5432950533353,257.3910354349714,0.7075915990571408,26
