total_reward,average_q_value,discounted_return,path_efficiency,steps_taken
950.768925627284,358.53260576725006,211.99478838307607,0.7186906980599586,28
