total_reward,average_q_value,discounted_return,path_efficiency,steps_taken
957.3463521792736,291.3549286768987,242.21891020710837,0.6802603495200561,26
