total_reward,average_q_value,discounted_return,path_efficiency,steps_taken
976.3175924420946,491.7890596742983,238.91511791029978,0.7075915990571408,27
