total_reward,average_q_value,discounted_return,path_efficiency,steps_taken
980.3175924420946,433.48945903778076,240.55272695541723,0.7075915990571408,27
