total_reward,average_q_value,discounted_return,path_efficiency,steps_taken,success_rate,average_steps_successful_episodes
1109.8666666666666,383.9940688034584,289.1586961043098,0.7071388487941551,29,0.672,29.428571428571427
