total_reward,average_q_value,discounted_return,path_efficiency,steps_taken
981.9518676239493,566.4394798278809,256.30540086178866,0.8040382082866161,26
