total_reward,average_q_value,discounted_return,path_efficiency,steps_taken,success_rate,average_steps_successful_episodes
1102.5666666666666,621.5249408224355,376.51917299039127,0.7702773006141789,23,0.63,26.625396825396827
