total_reward,average_q_value,discounted_return,path_efficiency,steps_taken
993.279870102263,552.8073813574655,231.99910476937734,0.708908330045686,28
